unit_id,cluster,DeltaPhi_cycle_sum,tau8_status
u000000,B_catalyst_like,-0.001002,candidate
u000001,B_catalyst_like,-0.00157,candidate
u000002,B_catalyst_like,-0.001711,candidate
u000003,B_catalyst_like,-0.001527,candidate
u000004,B_catalyst_like,-0.001132,candidate
u000005,B_catalyst_like,-0.001432,candidate
u000006,B_catalyst_like,-0.001416,candidate
u000007,B_catalyst_like,-0.001691,candidate
u000008,B_catalyst_like,-0.001395,candidate
u000009,B_catalyst_like,-0.001079,candidate
u000010,B_catalyst_like,-0.001055,candidate
u000011,B_catalyst_like,-0.001048,candidate
u000012,B_catalyst_like,-0.001582,candidate
u000013,B_catalyst_like,-0.001286,candidate
u000014,B_catalyst_like,-0.001555,candidate
u000015,C_epochic,-0.001635,candidate
u000016,B_catalyst_like,-0.001466,candidate
u000017,B_catalyst_like,-0.001152,candidate
u000018,B_catalyst_like,-0.001458,candidate
u000019,B_catalyst_like,-0.001193,candidate
u000020,C_epochic,-0.001803,candidate
u000021,B_catalyst_like,-0.001444,candidate
u000022,B_catalyst_like,-0.001575,candidate
u000023,B_catalyst_like,-0.001385,candidate
u000024,B_catalyst_like,-0.001016,candidate
u000025,B_catalyst_like,-0.001956,candidate
u000026,B_catalyst_like,-0.00164,candidate
u000027,B_catalyst_like,-0.001352,candidate
u000028,B_catalyst_like,-0.001888,candidate
u000029,B_catalyst_like,-0.00121,candidate
u000030,B_catalyst_like,-0.001636,candidate
u000031,B_catalyst_like,-0.001873,candidate
u000032,C_epochic,-0.00178,candidate
u000033,B_catalyst_like,-0.001745,candidate
u000034,B_catalyst_like,-0.001117,candidate
u000035,B_catalyst_like,-0.001971,candidate
u000036,B_catalyst_like,-0.001687,candidate
u000037,B_catalyst_like,-0.001038,candidate
u000038,B_catalyst_like,-0.001642,candidate
u000039,B_catalyst_like,-0.001999,candidate
u000040,B_catalyst_like,-0.001521,candidate
u000041,B_catalyst_like,-0.001442,candidate
u000042,B_catalyst_like,-0.001336,candidate
u000043,B_catalyst_like,-0.001953,candidate
u000044,B_catalyst_like,-0.00105,candidate
u000045,B_catalyst_like,-0.001996,candidate
u000046,B_catalyst_like,-0.001489,candidate
u000047,B_catalyst_like,-0.001607,candidate
u000048,B_catalyst_like,-0.001394,candidate
u000049,C_epochic,-0.001538,candidate
u000050,B_catalyst_like,-0.001895,candidate
u000051,B_catalyst_like,-0.001851,candidate
u000052,B_catalyst_like,-0.001765,candidate
u000053,B_catalyst_like,-0.001282,candidate
u000054,B_catalyst_like,-0.001473,candidate
u000055,B_catalyst_like,-0.001043,candidate
u000056,B_catalyst_like,-0.00119,candidate
u000057,B_catalyst_like,-0.001461,candidate
u000058,B_catalyst_like,-0.001663,candidate
u000059,B_catalyst_like,-0.001367,candidate
u000060,B_catalyst_like,-0.001273,candidate
u000061,B_catalyst_like,-0.001626,candidate
u000062,B_catalyst_like,-0.001981,candidate
u000063,B_catalyst_like,-0.001282,candidate
u000064,B_catalyst_like,-0.00117,candidate
u000065,B_catalyst_like,-0.001087,candidate
u000066,B_catalyst_like,-0.001256,candidate
u000067,B_catalyst_like,-0.001788,candidate
u000068,B_catalyst_like,-0.001527,candidate
u000069,B_catalyst_like,-0.001882,candidate
u000070,B_catalyst_like,-0.001111,candidate
u000071,B_catalyst_like,-0.00126,candidate
u000072,C_epochic,-0.001895,candidate
u000073,B_catalyst_like,-0.001983,candidate
u000074,B_catalyst_like,-0.001065,candidate
u000075,B_catalyst_like,-0.001639,candidate
u000076,B_catalyst_like,-0.001756,candidate
u000077,B_catalyst_like,-0.001677,candidate
u000078,B_catalyst_like,-0.001151,candidate
u000079,B_catalyst_like,-0.00189,candidate
u000080,B_catalyst_like,-0.001075,candidate
u000081,B_catalyst_like,-0.001131,candidate
u000082,B_catalyst_like,-0.001101,candidate
u000083,B_catalyst_like,-0.001581,candidate
u000084,B_catalyst_like,-0.001721,candidate
u000085,B_catalyst_like,-0.001368,candidate
u000086,B_catalyst_like,-0.001691,candidate
u000087,B_catalyst_like,-0.001363,candidate
u000088,B_catalyst_like,-0.001294,candidate
u000089,B_catalyst_like,-0.00131,candidate
u000090,B_catalyst_like,-0.001084,candidate
u000091,C_epochic,-0.001904,candidate
u000092,B_catalyst_like,-0.001074,candidate
u000093,B_catalyst_like,-0.0015,candidate
u000094,B_catalyst_like,-0.001879,candidate
u000095,B_catalyst_like,-0.001757,candidate
u000096,B_catalyst_like,-0.001129,candidate
u000097,B_catalyst_like,-0.001935,candidate
u000098,B_catalyst_like,-0.001421,candidate
u000099,B_catalyst_like,-0.001436,candidate
u000100,C_epochic,-0.001592,candidate
u000101,B_catalyst_like,-0.001264,candidate
u000102,B_catalyst_like,-0.001115,candidate
u000103,B_catalyst_like,-0.001779,candidate
u000104,B_catalyst_like,-0.001915,candidate
u000105,B_catalyst_like,-0.001971,candidate
u000106,B_catalyst_like,-0.001489,candidate
u000107,B_catalyst_like,-0.001746,candidate
u000108,B_catalyst_like,-0.001987,candidate
u000109,B_catalyst_like,-0.001951,candidate
u000110,B_catalyst_like,-0.001138,candidate
u000111,B_catalyst_like,-0.001146,candidate
u000112,B_catalyst_like,-0.001106,candidate
u000113,B_catalyst_like,-0.001696,candidate
u000114,B_catalyst_like,-0.001337,candidate
u000115,B_catalyst_like,-0.001616,candidate
u000116,B_catalyst_like,-0.001941,candidate
u000117,C_epochic,-0.001415,candidate
u000118,B_catalyst_like,-0.001965,candidate
u000119,B_catalyst_like,-0.0018,candidate
u000120,B_catalyst_like,-0.001711,candidate
u000121,C_epochic,-0.001826,candidate
u000122,B_catalyst_like,-0.001626,candidate
u000123,B_catalyst_like,-0.001094,candidate
u000124,B_catalyst_like,-0.001217,candidate
u000125,B_catalyst_like,-0.001225,candidate
u000126,B_catalyst_like,-0.001191,candidate
u000127,B_catalyst_like,-0.001666,candidate
u000128,B_catalyst_like,-0.001412,candidate
u000129,B_catalyst_like,-0.001288,candidate
u000130,B_catalyst_like,-0.001598,candidate
u000131,B_catalyst_like,-0.001877,candidate
u000132,B_catalyst_like,-0.001724,candidate
u000133,C_epochic,-0.001276,candidate
u000134,B_catalyst_like,-0.001576,candidate
u000135,B_catalyst_like,-0.001916,candidate
u000136,B_catalyst_like,-0.001806,candidate
u000137,B_catalyst_like,-0.001595,candidate
u000138,B_catalyst_like,-0.001536,candidate
u000139,B_catalyst_like,-0.001154,candidate
u000140,B_catalyst_like,-0.001634,candidate
u000141,B_catalyst_like,-0.00196,candidate
u000142,B_catalyst_like,-0.001603,candidate
u000143,B_catalyst_like,-0.001013,candidate
u000144,C_epochic,-0.0012,candidate
u000145,B_catalyst_like,-0.001956,candidate
u000146,B_catalyst_like,-0.001227,candidate
u000147,B_catalyst_like,-0.001567,candidate
u000148,B_catalyst_like,-0.001473,candidate
u000149,B_catalyst_like,-0.001477,candidate
u000150,B_catalyst_like,-0.001795,candidate
u000151,B_catalyst_like,-0.001903,candidate
u000152,B_catalyst_like,-0.00164,candidate
u000153,B_catalyst_like,-0.001132,candidate
u000154,B_catalyst_like,-0.001832,candidate
u000155,B_catalyst_like,-0.001628,candidate
u000156,B_catalyst_like,-0.001376,candidate
u000157,B_catalyst_like,-0.00184,candidate
u000158,B_catalyst_like,-0.001763,candidate
u000159,B_catalyst_like,-0.001595,candidate
u000160,B_catalyst_like,-0.001009,candidate
u000161,B_catalyst_like,-0.001802,candidate
u000162,B_catalyst_like,-0.001245,candidate
u000163,B_catalyst_like,-0.001193,candidate
u000164,B_catalyst_like,-0.001485,candidate
u000165,B_catalyst_like,-0.001115,candidate
u000166,B_catalyst_like,-0.001895,candidate
u000167,B_catalyst_like,-0.001783,candidate
u000168,B_catalyst_like,-0.001443,candidate
u000169,B_catalyst_like,-0.001234,candidate
u000170,B_catalyst_like,-0.001244,candidate
u000171,B_catalyst_like,-0.00137,candidate
u000172,B_catalyst_like,-0.001217,candidate
u000173,B_catalyst_like,-0.001518,candidate
u000174,B_catalyst_like,-0.001219,candidate
u000175,B_catalyst_like,-0.001966,candidate
u000176,B_catalyst_like,-0.001488,candidate
u000177,B_catalyst_like,-0.001098,candidate
u000178,B_catalyst_like,-0.001816,candidate
u000179,B_catalyst_like,-0.001059,candidate
u000180,B_catalyst_like,-0.001796,candidate
u000181,B_catalyst_like,-0.001427,candidate
u000182,B_catalyst_like,-0.001875,candidate
u000183,B_catalyst_like,-0.00113,candidate
u000184,B_catalyst_like,-0.00183,candidate
u000185,B_catalyst_like,-0.001402,candidate
u000186,B_catalyst_like,-0.001588,candidate
u000187,B_catalyst_like,-0.001199,candidate
u000188,B_catalyst_like,-0.001922,candidate
u000189,B_catalyst_like,-0.001971,candidate
u000190,B_catalyst_like,-0.001954,candidate
u000191,B_catalyst_like,-0.001362,candidate
u000192,C_epochic,-0.001602,candidate
u000193,B_catalyst_like,-0.0011,candidate
u000194,B_catalyst_like,-0.001607,candidate
u000195,B_catalyst_like,-0.001936,candidate
u000196,B_catalyst_like,-0.001035,candidate
u000197,B_catalyst_like,-0.001985,candidate
u000198,B_catalyst_like,-0.001471,candidate
u000199,B_catalyst_like,-0.001283,candidate
u000200,B_catalyst_like,-0.001249,candidate
u000201,B_catalyst_like,-0.001151,candidate
u000202,B_catalyst_like,-0.001118,candidate
u000203,B_catalyst_like,-0.00111,candidate
u000204,B_catalyst_like,-0.001268,candidate
u000205,C_epochic,-0.001825,candidate
u000206,B_catalyst_like,-0.001741,candidate
u000207,B_catalyst_like,-0.001744,candidate
u000208,B_catalyst_like,-0.001276,candidate
u000209,B_catalyst_like,-0.001621,candidate
u000210,B_catalyst_like,-0.001256,candidate
u000211,B_catalyst_like,-0.001265,candidate
u000212,B_catalyst_like,-0.001751,candidate
u000213,B_catalyst_like,-0.001471,candidate
u000214,B_catalyst_like,-0.001467,candidate
u000215,B_catalyst_like,-0.001969,candidate
u000216,B_catalyst_like,-0.001472,candidate
u000217,B_catalyst_like,-0.001777,candidate
u000218,B_catalyst_like,-0.001992,candidate
u000219,B_catalyst_like,-0.001662,candidate
u000220,B_catalyst_like,-0.001962,candidate
u000221,B_catalyst_like,-0.001269,candidate
u000222,B_catalyst_like,-0.001521,candidate
u000223,B_catalyst_like,-0.001547,candidate
u000224,B_catalyst_like,-0.001438,candidate
u000225,B_catalyst_like,-0.001681,candidate
u000226,B_catalyst_like,-0.001051,candidate
u000227,B_catalyst_like,-0.001074,candidate
u000228,B_catalyst_like,-0.001566,candidate
u000229,B_catalyst_like,-0.001371,candidate
u000230,C_epochic,-0.001605,candidate
u000231,C_epochic,-0.001855,candidate
u000232,B_catalyst_like,-0.001418,candidate
u000233,B_catalyst_like,-0.001722,candidate
u000234,B_catalyst_like,-0.00198,candidate
u000235,B_catalyst_like,-0.001384,candidate
u000236,B_catalyst_like,-0.00177,candidate
u000237,B_catalyst_like,-0.001558,candidate
u000238,B_catalyst_like,-0.001105,candidate
u000239,C_epochic,-0.001096,candidate
u000240,B_catalyst_like,-0.001664,candidate
u000241,B_catalyst_like,-0.001425,candidate
u000242,B_catalyst_like,-0.001341,candidate
u000243,C_epochic,-0.001994,candidate
u000244,B_catalyst_like,-0.001123,candidate
u000245,B_catalyst_like,-0.001774,candidate
u000246,B_catalyst_like,-0.001944,candidate
u000247,B_catalyst_like,-0.001371,candidate
u000248,B_catalyst_like,-0.001074,candidate
u000249,B_catalyst_like,-0.001469,candidate
u000250,B_catalyst_like,-0.001274,candidate
u000251,B_catalyst_like,-0.001361,candidate
u000252,B_catalyst_like,-0.001432,candidate
u000253,B_catalyst_like,-0.001222,candidate
u000254,B_catalyst_like,-0.001832,candidate
u000255,B_catalyst_like,-0.001525,candidate
u000256,C_epochic,-0.001498,candidate
u000257,B_catalyst_like,-0.001702,candidate
u000258,B_catalyst_like,-0.001698,candidate
u000259,B_catalyst_like,-0.001661,candidate
u000260,C_epochic,-0.00169,candidate
u000261,B_catalyst_like,-0.001081,candidate
u000262,B_catalyst_like,-0.00156,candidate
u000263,B_catalyst_like,-0.001547,candidate
u000264,B_catalyst_like,-0.001702,candidate
u000265,C_epochic,-0.001852,candidate
u000266,B_catalyst_like,-0.001599,candidate
u000267,B_catalyst_like,-0.001357,candidate
u000268,B_catalyst_like,-0.001309,candidate
u000269,B_catalyst_like,-0.001685,candidate
u000270,B_catalyst_like,-0.001211,candidate
u000271,B_catalyst_like,-0.001016,candidate
u000272,B_catalyst_like,-0.001563,candidate
u000273,B_catalyst_like,-0.001444,candidate
u000274,B_catalyst_like,-0.001259,candidate
u000275,B_catalyst_like,-0.001078,candidate
u000276,B_catalyst_like,-0.001475,candidate
u000277,C_epochic,-0.001916,candidate
u000278,B_catalyst_like,-0.001311,candidate
u000279,B_catalyst_like,-0.001322,candidate
u000280,B_catalyst_like,-0.001186,candidate
u000281,B_catalyst_like,-0.00194,candidate
u000282,C_epochic,-0.001239,candidate
u000283,C_epochic,-0.00199,candidate
u000284,C_epochic,-0.001903,candidate
u000285,C_epochic,-0.00109,candidate
u000286,C_epochic,-0.001799,candidate
u000287,B_catalyst_like,-0.001597,candidate
u000288,B_catalyst_like,-0.001116,candidate
u000289,B_catalyst_like,-0.001476,candidate
u000290,B_catalyst_like,-0.001009,candidate
u000291,B_catalyst_like,-0.001473,candidate
u000292,B_catalyst_like,-0.001346,candidate
u000293,B_catalyst_like,-0.001024,candidate
u000294,B_catalyst_like,-0.001147,candidate
u000295,B_catalyst_like,-0.001274,candidate
u000296,B_catalyst_like,-0.001635,candidate
u000297,B_catalyst_like,-0.001427,candidate
u000298,B_catalyst_like,-0.001933,candidate
u000299,B_catalyst_like,-0.001795,candidate
u000300,B_catalyst_like,-0.00111,candidate
u000301,B_catalyst_like,-0.001166,candidate
u000302,B_catalyst_like,-0.001763,candidate
u000303,B_catalyst_like,-0.001487,candidate
u000304,B_catalyst_like,-0.001907,candidate
u000305,B_catalyst_like,-0.001269,candidate
u000306,B_catalyst_like,-0.001096,candidate
u000307,B_catalyst_like,-0.001349,candidate
u000308,B_catalyst_like,-0.001275,candidate
u000309,B_catalyst_like,-0.001523,candidate
u000310,B_catalyst_like,-0.001776,candidate
u000311,C_epochic,-0.001368,candidate
u000312,C_epochic,-0.001368,candidate
u000313,B_catalyst_like,-0.00136,candidate
u000314,B_catalyst_like,-0.001464,candidate
u000315,B_catalyst_like,-0.001092,candidate
u000316,B_catalyst_like,-0.001768,candidate
u000317,B_catalyst_like,-0.001113,candidate
u000318,C_epochic,-0.001531,candidate
u000319,B_catalyst_like,-0.00148,candidate
u000320,B_catalyst_like,-0.001692,candidate
u000321,B_catalyst_like,-0.001225,candidate
u000322,B_catalyst_like,-0.001511,candidate
u000323,C_epochic,-0.001422,candidate
u000324,B_catalyst_like,-0.001971,candidate
u000325,B_catalyst_like,-0.001829,candidate
u000326,B_catalyst_like,-0.001726,candidate
u000327,B_catalyst_like,-0.001325,candidate
u000328,B_catalyst_like,-0.001408,candidate
u000329,B_catalyst_like,-0.00118,candidate
u000330,B_catalyst_like,-0.001758,candidate
u000331,B_catalyst_like,-0.001269,candidate
u000332,B_catalyst_like,-0.001521,candidate
u000333,B_catalyst_like,-0.001998,candidate
u000334,B_catalyst_like,-0.001594,candidate
u000335,B_catalyst_like,-0.001743,candidate
u000336,B_catalyst_like,-0.001753,candidate
u000337,B_catalyst_like,-0.00139,candidate
u000338,C_epochic,-0.001015,candidate
u000339,B_catalyst_like,-0.001889,candidate
u000340,B_catalyst_like,-0.001765,candidate
u000341,B_catalyst_like,-0.001905,candidate
u000342,B_catalyst_like,-0.001322,candidate
u000343,B_catalyst_like,-0.001957,candidate
u000344,B_catalyst_like,-0.001574,candidate
u000345,B_catalyst_like,-0.001293,candidate
u000346,B_catalyst_like,-0.001326,candidate
u000347,B_catalyst_like,-0.001726,candidate
u000348,B_catalyst_like,-0.001861,candidate
u000349,B_catalyst_like,-0.001909,candidate
u000350,B_catalyst_like,-0.001959,candidate
u000351,B_catalyst_like,-0.001531,candidate
u000352,B_catalyst_like,-0.001421,candidate
u000353,B_catalyst_like,-0.001798,candidate
u000354,C_epochic,-0.001354,candidate
u000355,B_catalyst_like,-0.001255,candidate
u000356,B_catalyst_like,-0.001626,candidate
u000357,B_catalyst_like,-0.00191,candidate
u000358,B_catalyst_like,-0.001405,candidate
u000359,C_epochic,-0.001863,candidate
u000360,B_catalyst_like,-0.001058,candidate
u000361,B_catalyst_like,-0.001609,candidate
u000362,B_catalyst_like,-0.001656,candidate
u000363,C_epochic,-0.001511,candidate
u000364,B_catalyst_like,-0.00155,candidate
u000365,B_catalyst_like,-0.00173,candidate
u000366,B_catalyst_like,-0.001487,candidate
u000367,B_catalyst_like,-0.001955,candidate
u000368,B_catalyst_like,-0.001701,candidate
u000369,B_catalyst_like,-0.001788,candidate
u000370,B_catalyst_like,-0.001028,candidate
u000371,B_catalyst_like,-0.001891,candidate
u000372,B_catalyst_like,-0.001658,candidate
u000373,B_catalyst_like,-0.001387,candidate
u000374,B_catalyst_like,-0.001348,candidate
u000375,B_catalyst_like,-0.001513,candidate
u000376,B_catalyst_like,-0.001618,candidate
u000377,B_catalyst_like,-0.001046,candidate
u000378,B_catalyst_like,-0.001198,candidate
u000379,B_catalyst_like,-0.001624,candidate
u000380,B_catalyst_like,-0.00191,candidate
u000381,B_catalyst_like,-0.001728,candidate
u000382,B_catalyst_like,-0.001284,candidate
u000383,B_catalyst_like,-0.001778,candidate
u000384,C_epochic,-0.001191,candidate
u000385,B_catalyst_like,-0.001438,candidate
u000386,B_catalyst_like,-0.001215,candidate
u000387,B_catalyst_like,-0.001997,candidate
u000388,B_catalyst_like,-0.001812,candidate
u000389,C_epochic,-0.001558,candidate
u000390,B_catalyst_like,-0.001477,candidate
u000391,B_catalyst_like,-0.001346,candidate
u000392,B_catalyst_like,-0.001231,candidate
u000393,B_catalyst_like,-0.001161,candidate
u000394,B_catalyst_like,-0.001284,candidate
u000395,B_catalyst_like,-0.001659,candidate
u000396,B_catalyst_like,-0.001723,candidate
u000397,B_catalyst_like,-0.001871,candidate
u000398,B_catalyst_like,-0.001141,candidate
u000399,B_catalyst_like,-0.001366,candidate
u000400,B_catalyst_like,-0.00129,candidate
u000401,B_catalyst_like,-0.001363,candidate
u000402,B_catalyst_like,-0.001003,candidate
u000403,B_catalyst_like,-0.001877,candidate
u000404,B_catalyst_like,-0.001936,candidate
u000405,B_catalyst_like,-0.001706,candidate
u000406,B_catalyst_like,-0.001406,candidate
u000407,B_catalyst_like,-0.001236,candidate
u000408,B_catalyst_like,-0.001628,candidate
u000409,B_catalyst_like,-0.00155,candidate
u000410,B_catalyst_like,-0.001395,candidate
u000411,B_catalyst_like,-0.00118,candidate
u000412,B_catalyst_like,-0.001422,candidate
u000413,B_catalyst_like,-0.001697,candidate
u000414,B_catalyst_like,-0.001342,candidate
u000415,B_catalyst_like,-0.00147,candidate
u000416,B_catalyst_like,-0.001516,candidate
u000417,B_catalyst_like,-0.001555,candidate
u000418,B_catalyst_like,-0.001742,candidate
u000419,B_catalyst_like,-0.001032,candidate
u000420,B_catalyst_like,-0.001257,candidate
u000421,B_catalyst_like,-0.001228,candidate
u000422,B_catalyst_like,-0.001505,candidate
u000423,B_catalyst_like,-0.001808,candidate
u000424,B_catalyst_like,-0.001131,candidate
u000425,B_catalyst_like,-0.001294,candidate
u000426,B_catalyst_like,-0.001927,candidate
u000427,B_catalyst_like,-0.001593,candidate
u000428,B_catalyst_like,-0.001674,candidate
u000429,C_epochic,-0.001584,candidate
u000430,B_catalyst_like,-0.00189,candidate
u000431,B_catalyst_like,-0.001564,candidate
u000432,B_catalyst_like,-0.00125,candidate
u000433,B_catalyst_like,-0.001459,candidate
u000434,B_catalyst_like,-0.001569,candidate
u000435,B_catalyst_like,-0.001406,candidate
u000436,B_catalyst_like,-0.001819,candidate
u000437,B_catalyst_like,-0.001256,candidate
u000438,B_catalyst_like,-0.001321,candidate
u000439,B_catalyst_like,-0.001,candidate
u000440,B_catalyst_like,-0.00153,candidate
u000441,B_catalyst_like,-0.001541,candidate
u000442,B_catalyst_like,-0.001026,candidate
u000443,B_catalyst_like,-0.001956,candidate
u000444,B_catalyst_like,-0.001576,candidate
u000445,B_catalyst_like,-0.001106,candidate
u000446,B_catalyst_like,-0.001385,candidate
u000447,B_catalyst_like,-0.00102,candidate
u000448,B_catalyst_like,-0.001149,candidate
u000449,B_catalyst_like,-0.001823,candidate
u000450,C_epochic,-0.001529,candidate
u000451,B_catalyst_like,-0.001493,candidate
u000452,B_catalyst_like,-0.001761,candidate
u000453,B_catalyst_like,-0.001415,candidate
u000454,B_catalyst_like,-0.001883,candidate
u000455,B_catalyst_like,-0.001619,candidate
u000456,C_epochic,-0.001102,candidate
u000457,B_catalyst_like,-0.001062,candidate
u000458,B_catalyst_like,-0.001612,candidate
u000459,B_catalyst_like,-0.001968,candidate
u000460,B_catalyst_like,-0.001843,candidate
u000461,B_catalyst_like,-0.001959,candidate
u000462,B_catalyst_like,-0.001649,candidate
u000463,C_epochic,-0.001007,candidate
u000464,B_catalyst_like,-0.001715,candidate
u000465,C_epochic,-0.001002,candidate
u000466,B_catalyst_like,-0.001341,candidate
u000467,B_catalyst_like,-0.001094,candidate
u000468,B_catalyst_like,-0.00172,candidate
u000469,B_catalyst_like,-0.001727,candidate
u000470,B_catalyst_like,-0.001846,candidate
u000471,B_catalyst_like,-0.00178,candidate
u000472,C_epochic,-0.001221,candidate
u000473,B_catalyst_like,-0.001594,candidate
u000474,B_catalyst_like,-0.001992,candidate
u000475,B_catalyst_like,-0.001133,candidate
u000476,B_catalyst_like,-0.001782,candidate
u000477,C_epochic,-0.00157,candidate
u000478,C_epochic,-0.001942,candidate
u000479,B_catalyst_like,-0.001924,candidate
u000480,B_catalyst_like,-0.001469,candidate
u000481,B_catalyst_like,-0.001263,candidate
u000482,B_catalyst_like,-0.001174,candidate
u000483,B_catalyst_like,-0.001101,candidate
u000484,B_catalyst_like,-0.001857,candidate
u000485,B_catalyst_like,-0.001241,candidate
u000486,B_catalyst_like,-0.00153,candidate
u000487,B_catalyst_like,-0.001396,candidate
u000488,B_catalyst_like,-0.001807,candidate
u000489,B_catalyst_like,-0.001516,candidate
u000490,B_catalyst_like,-0.001173,candidate
u000491,B_catalyst_like,-0.001469,candidate
u000492,B_catalyst_like,-0.001332,candidate
u000493,B_catalyst_like,-0.001467,candidate
u000494,B_catalyst_like,-0.001906,candidate
u000495,B_catalyst_like,-0.001155,candidate
u000496,B_catalyst_like,-0.001513,candidate
u000497,B_catalyst_like,-0.001317,candidate
u000498,B_catalyst_like,-0.001369,candidate
u000499,B_catalyst_like,-0.001697,candidate
u000500,B_catalyst_like,-0.001913,candidate
u000501,B_catalyst_like,-0.001576,candidate
u000502,C_epochic,-0.001732,candidate
u000503,B_catalyst_like,-0.001023,candidate
u000504,B_catalyst_like,-0.001907,candidate
u000505,B_catalyst_like,-0.00183,candidate
u000506,B_catalyst_like,-0.001672,candidate
u000507,B_catalyst_like,-0.001907,candidate
u000508,B_catalyst_like,-0.001056,candidate
u000509,B_catalyst_like,-0.001416,candidate
u000510,B_catalyst_like,-0.001231,candidate
u000511,B_catalyst_like,-0.001625,candidate
u000512,B_catalyst_like,-0.001656,candidate
u000513,B_catalyst_like,-0.001417,candidate
u000514,B_catalyst_like,-0.001241,candidate
u000515,B_catalyst_like,-0.001029,candidate
u000516,B_catalyst_like,-0.001449,candidate
u000517,B_catalyst_like,-0.001333,candidate
u000518,B_catalyst_like,-0.001215,candidate
u000519,B_catalyst_like,-0.001945,candidate
u000520,B_catalyst_like,-0.001268,candidate
u000521,B_catalyst_like,-0.001346,candidate
u000522,B_catalyst_like,-0.001829,candidate
u000523,B_catalyst_like,-0.001585,candidate
u000524,B_catalyst_like,-0.001479,candidate
u000525,B_catalyst_like,-0.001934,candidate
u000526,B_catalyst_like,-0.00103,candidate
u000527,B_catalyst_like,-0.001861,candidate
u000528,B_catalyst_like,-0.001452,candidate
u000529,B_catalyst_like,-0.001363,candidate
u000530,B_catalyst_like,-0.001763,candidate
u000531,B_catalyst_like,-0.001339,candidate
u000532,C_epochic,-0.001776,candidate
u000533,B_catalyst_like,-0.001188,candidate
u000534,B_catalyst_like,-0.001615,candidate
u000535,B_catalyst_like,-0.00165,candidate
u000536,B_catalyst_like,-0.001717,candidate
u000537,B_catalyst_like,-0.001136,candidate
u000538,B_catalyst_like,-0.001783,candidate
u000539,B_catalyst_like,-0.001506,candidate
u000540,B_catalyst_like,-0.001131,candidate
u000541,B_catalyst_like,-0.001538,candidate
u000542,B_catalyst_like,-0.001627,candidate
u000543,C_epochic,-0.001921,candidate
u000544,B_catalyst_like,-0.001577,candidate
u000545,B_catalyst_like,-0.001319,candidate
u000546,B_catalyst_like,-0.001277,candidate
u000547,B_catalyst_like,-0.001971,candidate
u000548,B_catalyst_like,-0.001215,candidate
u000549,B_catalyst_like,-0.001744,candidate
u000550,B_catalyst_like,-0.001761,candidate
u000551,C_epochic,-0.00131,candidate
u000552,C_epochic,-0.001106,candidate
u000553,B_catalyst_like,-0.001103,candidate
u000554,B_catalyst_like,-0.001414,candidate
u000555,B_catalyst_like,-0.001825,candidate
u000556,B_catalyst_like,-0.001784,candidate
u000557,B_catalyst_like,-0.001225,candidate
u000558,B_catalyst_like,-0.001383,candidate
u000559,B_catalyst_like,-0.001583,candidate
u000560,B_catalyst_like,-0.001229,candidate
u000561,B_catalyst_like,-0.001203,candidate
u000562,B_catalyst_like,-0.001828,candidate
u000563,B_catalyst_like,-0.001492,candidate
u000564,B_catalyst_like,-0.001948,candidate
u000565,B_catalyst_like,-0.001996,candidate
u000566,B_catalyst_like,-0.001768,candidate
u000567,B_catalyst_like,-0.001634,candidate
u000568,B_catalyst_like,-0.00179,candidate
u000569,B_catalyst_like,-0.001275,candidate
u000570,B_catalyst_like,-0.0012,candidate
u000571,B_catalyst_like,-0.001345,candidate
u000572,B_catalyst_like,-0.001156,candidate
u000573,C_epochic,-0.001765,candidate
u000574,B_catalyst_like,-0.001887,candidate
u000575,B_catalyst_like,-0.001138,candidate
u000576,B_catalyst_like,-0.001345,candidate
u000577,C_epochic,-0.001745,candidate
u000578,B_catalyst_like,-0.001003,candidate
u000579,B_catalyst_like,-0.001736,candidate
u000580,B_catalyst_like,-0.001601,candidate
u000581,B_catalyst_like,-0.001436,candidate
u000582,B_catalyst_like,-0.001581,candidate
u000583,B_catalyst_like,-0.001324,candidate
u000584,B_catalyst_like,-0.00109,candidate
u000585,C_epochic,-0.001374,candidate
u000586,B_catalyst_like,-0.001474,candidate
u000587,B_catalyst_like,-0.001626,candidate
u000588,B_catalyst_like,-0.001608,candidate
u000589,B_catalyst_like,-0.001002,candidate
u000590,B_catalyst_like,-0.001292,candidate
u000591,B_catalyst_like,-0.001615,candidate
u000592,B_catalyst_like,-0.001504,candidate
u000593,B_catalyst_like,-0.001631,candidate
u000594,B_catalyst_like,-0.001664,candidate
u000595,B_catalyst_like,-0.001759,candidate
u000596,B_catalyst_like,-0.001378,candidate
u000597,B_catalyst_like,-0.001464,candidate
u000598,B_catalyst_like,-0.001448,candidate
u000599,B_catalyst_like,-0.001909,candidate
u000600,B_catalyst_like,-0.001469,candidate
u000601,B_catalyst_like,-0.001386,candidate
u000602,B_catalyst_like,-0.001526,candidate
u000603,B_catalyst_like,-0.001455,candidate
u000604,B_catalyst_like,-0.001122,candidate
u000605,B_catalyst_like,-0.001058,candidate
u000606,C_epochic,-0.00101,candidate
u000607,B_catalyst_like,-0.001469,candidate
u000608,B_catalyst_like,-0.001415,candidate
u000609,B_catalyst_like,-0.001593,candidate
u000610,B_catalyst_like,-0.001147,candidate
u000611,B_catalyst_like,-0.001376,candidate
u000612,B_catalyst_like,-0.001886,candidate
u000613,B_catalyst_like,-0.001757,candidate
u000614,B_catalyst_like,-0.001241,candidate
u000615,B_catalyst_like,-0.001674,candidate
u000616,B_catalyst_like,-0.001306,candidate
u000617,B_catalyst_like,-0.001466,candidate
u000618,B_catalyst_like,-0.001295,candidate
u000619,B_catalyst_like,-0.001673,candidate
u000620,B_catalyst_like,-0.001026,candidate
u000621,B_catalyst_like,-0.001455,candidate
u000622,B_catalyst_like,-0.001547,candidate
u000623,B_catalyst_like,-0.001539,candidate
u000624,B_catalyst_like,-0.001755,candidate
u000625,B_catalyst_like,-0.001486,candidate
u000626,B_catalyst_like,-0.001171,candidate
u000627,B_catalyst_like,-0.00124,candidate
u000628,B_catalyst_like,-0.001017,candidate
u000629,B_catalyst_like,-0.001612,candidate
u000630,B_catalyst_like,-0.00149,candidate
u000631,B_catalyst_like,-0.001151,candidate
u000632,B_catalyst_like,-0.001476,candidate
u000633,B_catalyst_like,-0.001531,candidate
u000634,B_catalyst_like,-0.001234,candidate
u000635,B_catalyst_like,-0.00199,candidate
u000636,B_catalyst_like,-0.001747,candidate
u000637,B_catalyst_like,-0.001623,candidate
u000638,B_catalyst_like,-0.001891,candidate
u000639,B_catalyst_like,-0.001191,candidate
u000640,B_catalyst_like,-0.001104,candidate
u000641,B_catalyst_like,-0.001102,candidate
u000642,B_catalyst_like,-0.001713,candidate
u000643,B_catalyst_like,-0.001919,candidate
u000644,B_catalyst_like,-0.001216,candidate
u000645,B_catalyst_like,-0.001178,candidate
u000646,B_catalyst_like,-0.001895,candidate
u000647,B_catalyst_like,-0.001583,candidate
u000648,B_catalyst_like,-0.001214,candidate
u000649,B_catalyst_like,-0.001649,candidate
u000650,B_catalyst_like,-0.001022,candidate
u000651,B_catalyst_like,-0.001148,candidate
u000652,B_catalyst_like,-0.001354,candidate
u000653,B_catalyst_like,-0.001567,candidate
u000654,B_catalyst_like,-0.001847,candidate
u000655,B_catalyst_like,-0.001439,candidate
u000656,B_catalyst_like,-0.001483,candidate
u000657,B_catalyst_like,-0.001784,candidate
u000658,B_catalyst_like,-0.00168,candidate
u000659,B_catalyst_like,-0.001701,candidate
u000660,B_catalyst_like,-0.001592,candidate
u000661,B_catalyst_like,-0.001074,candidate
u000662,B_catalyst_like,-0.00169,candidate
u000663,B_catalyst_like,-0.001509,candidate
u000664,B_catalyst_like,-0.001196,candidate
u000665,B_catalyst_like,-0.001368,candidate
u000666,B_catalyst_like,-0.001215,candidate
u000667,B_catalyst_like,-0.001817,candidate
u000668,B_catalyst_like,-0.001816,candidate
u000669,B_catalyst_like,-0.001202,candidate
u000670,B_catalyst_like,-0.001257,candidate
u000671,C_epochic,-0.001897,candidate
u000672,B_catalyst_like,-0.001952,candidate
u000673,C_epochic,-0.001375,candidate
u000674,B_catalyst_like,-0.001978,candidate
u000675,B_catalyst_like,-0.001852,candidate
u000676,B_catalyst_like,-0.001807,candidate
u000677,B_catalyst_like,-0.001193,candidate
u000678,B_catalyst_like,-0.001847,candidate
u000679,B_catalyst_like,-0.001587,candidate
u000680,C_epochic,-0.0011,candidate
u000681,B_catalyst_like,-0.001836,candidate
u000682,C_epochic,-0.001686,candidate
u000683,B_catalyst_like,-0.001175,candidate
u000684,B_catalyst_like,-0.00182,candidate
u000685,B_catalyst_like,-0.001706,candidate
u000686,B_catalyst_like,-0.001735,candidate
u000687,B_catalyst_like,-0.001563,candidate
u000688,B_catalyst_like,-0.001961,candidate
u000689,B_catalyst_like,-0.001613,candidate
u000690,B_catalyst_like,-0.001544,candidate
u000691,B_catalyst_like,-0.001156,candidate
u000692,B_catalyst_like,-0.001462,candidate
u000693,B_catalyst_like,-0.001325,candidate
u000694,B_catalyst_like,-0.001781,candidate
u000695,B_catalyst_like,-0.001011,candidate
u000696,B_catalyst_like,-0.001855,candidate
u000697,B_catalyst_like,-0.001247,candidate
u000698,B_catalyst_like,-0.001373,candidate
u000699,B_catalyst_like,-0.001789,candidate
u000700,C_epochic,-0.001794,candidate
u000701,B_catalyst_like,-0.001491,candidate
u000702,B_catalyst_like,-0.001899,candidate
u000703,B_catalyst_like,-0.001574,candidate
u000704,B_catalyst_like,-0.001896,candidate
u000705,B_catalyst_like,-0.001592,candidate
u000706,B_catalyst_like,-0.001179,candidate
u000707,B_catalyst_like,-0.001928,candidate
u000708,B_catalyst_like,-0.001323,candidate
u000709,B_catalyst_like,-0.001302,candidate
u000710,B_catalyst_like,-0.00186,candidate
u000711,B_catalyst_like,-0.001097,candidate
u000712,B_catalyst_like,-0.001005,candidate
u000713,B_catalyst_like,-0.001177,candidate
u000714,B_catalyst_like,-0.001491,candidate
u000715,B_catalyst_like,-0.001767,candidate
u000716,B_catalyst_like,-0.001685,candidate
u000717,B_catalyst_like,-0.001372,candidate
u000718,B_catalyst_like,-0.001144,candidate
u000719,B_catalyst_like,-0.001333,candidate
u000720,B_catalyst_like,-0.001547,candidate
u000721,B_catalyst_like,-0.001954,candidate
u000722,B_catalyst_like,-0.001173,candidate
u000723,B_catalyst_like,-0.00112,candidate
u000724,B_catalyst_like,-0.00173,candidate
u000725,B_catalyst_like,-0.001401,candidate
u000726,B_catalyst_like,-0.001987,candidate
u000727,B_catalyst_like,-0.001859,candidate
u000728,B_catalyst_like,-0.00191,candidate
u000729,C_epochic,-0.001902,candidate
u000730,C_epochic,-0.001745,candidate
u000731,B_catalyst_like,-0.001472,candidate
u000732,C_epochic,-0.001661,candidate
u000733,B_catalyst_like,-0.001779,candidate
u000734,B_catalyst_like,-0.001219,candidate
u000735,B_catalyst_like,-0.001226,candidate
u000736,B_catalyst_like,-0.001594,candidate
u000737,B_catalyst_like,-0.001398,candidate
u000738,C_epochic,-0.001696,candidate
u000739,B_catalyst_like,-0.001465,candidate
u000740,B_catalyst_like,-0.001731,candidate
u000741,B_catalyst_like,-0.001182,candidate
u000742,B_catalyst_like,-0.001134,candidate
u000743,B_catalyst_like,-0.001035,candidate
u000744,B_catalyst_like,-0.001663,candidate
u000745,B_catalyst_like,-0.001725,candidate
u000746,B_catalyst_like,-0.00119,candidate
u000747,B_catalyst_like,-0.001864,candidate
u000748,B_catalyst_like,-0.001558,candidate
u000749,B_catalyst_like,-0.001606,candidate
u000750,B_catalyst_like,-0.001889,candidate
u000751,B_catalyst_like,-0.001573,candidate
u000752,B_catalyst_like,-0.001108,candidate
u000753,B_catalyst_like,-0.001179,candidate
u000754,B_catalyst_like,-0.001289,candidate
u000755,B_catalyst_like,-0.001021,candidate
u000756,C_epochic,-0.00145,candidate
u000757,B_catalyst_like,-0.001703,candidate
u000758,B_catalyst_like,-0.001275,candidate
u000759,B_catalyst_like,-0.001872,candidate
u000760,B_catalyst_like,-0.00106,candidate
u000761,B_catalyst_like,-0.001303,candidate
u000762,C_epochic,-0.001951,candidate
u000763,B_catalyst_like,-0.001717,candidate
u000764,B_catalyst_like,-0.001041,candidate
u000765,B_catalyst_like,-0.001224,candidate
u000766,B_catalyst_like,-0.001515,candidate
u000767,B_catalyst_like,-0.001937,candidate
u000768,B_catalyst_like,-0.001723,candidate
u000769,B_catalyst_like,-0.001419,candidate
u000770,B_catalyst_like,-0.001848,candidate
u000771,B_catalyst_like,-0.001368,candidate
u000772,B_catalyst_like,-0.001354,candidate
u000773,B_catalyst_like,-0.001343,candidate
u000774,B_catalyst_like,-0.001358,candidate
u000775,B_catalyst_like,-0.001367,candidate
u000776,C_epochic,-0.001667,candidate
u000777,B_catalyst_like,-0.001659,candidate
u000778,B_catalyst_like,-0.001185,candidate
u000779,B_catalyst_like,-0.001817,candidate
u000780,B_catalyst_like,-0.001944,candidate
u000781,B_catalyst_like,-0.001832,candidate
u000782,C_epochic,-0.001637,candidate
u000783,B_catalyst_like,-0.00137,candidate
u000784,B_catalyst_like,-0.001588,candidate
u000785,B_catalyst_like,-0.001671,candidate
u000786,C_epochic,-0.001403,candidate
u000787,B_catalyst_like,-0.001313,candidate
u000788,C_epochic,-0.001488,candidate
u000789,B_catalyst_like,-0.001667,candidate
u000790,B_catalyst_like,-0.00162,candidate
u000791,B_catalyst_like,-0.001297,candidate
u000792,B_catalyst_like,-0.001421,candidate
u000793,C_epochic,-0.001127,candidate
u000794,B_catalyst_like,-0.001233,candidate
u000795,C_epochic,-0.001318,candidate
u000796,B_catalyst_like,-0.001762,candidate
u000797,B_catalyst_like,-0.001465,candidate
u000798,B_catalyst_like,-0.001876,candidate
u000799,B_catalyst_like,-0.001425,candidate
