a,b,w
PROOF_E8_DENSEST_AM2017,as,0.7201942724441152
PROOF_E8_DENSEST_AM2017,proof,0.7201942724441152
PROOF_E8_DENSEST_AM2017,theorem,0.7201942724441152
PROOF_E8_DENSEST_AM2017,write,0.7201942724441152
PROOF_E8_DENSEST_AM2017,tested,0.7201942724441152
PROOF_E8_DENSEST_AM2017,extensions,0.7201942724441152
PROOF_E8_DENSEST_AM2017,signs,0.7201942724441152
PROOF_E8_DENSEST_AM2017,canvas,0.7201942724441152
PROOF_E8_DENSEST_AM2017,structures,0.7201942724441152
PROOF_E8_DENSEST_AM2017,before,0.7201942724441152
PROOF_E8_DENSEST_AM2017,30,0.7201942724441152
PROOF_LEECH_DENSEST_AM2017,you,0.7201942724441152
PROOF_LEECH_DENSEST_AM2017,tasks,0.7201942724441152
PROOF_LEECH_DENSEST_AM2017,winner,0.7201942724441152
PROOF_LEECH_DENSEST_AM2017,cartan,0.7201942724441152
PROOF_LEECH_DENSEST_AM2017,execution_time,0.7201942724441152
PROOF_LEECH_DENSEST_AM2017,np,0.7201942724441152
PROOF_LEECH_DENSEST_AM2017,re,0.7201942724441152
PROOF_LEECH_DENSEST_AM2017,permutation,0.7201942724441152
PROOF_LEECH_DENSEST_AM2017,computational,0.7201942724441152
PROOF_LEECH_DENSEST_AM2017,ve,0.7201942724441152
PROOF_LEECH_DENSEST_AM2017,setup,0.7201942724441152
PROOF_UNIVERSAL_OPTIMALITY_AM2022,logic,0.7201942724441152
PROOF_UNIVERSAL_OPTIMALITY_AM2022,generate,0.7201942724441152
PROOF_UNIVERSAL_OPTIMALITY_AM2022,work,0.7201942724441152
PROOF_UNIVERSAL_OPTIMALITY_AM2022,formula,0.7201942724441152
PROOF_UNIVERSAL_OPTIMALITY_AM2022,available,0.7201942724441152
PROOF_UNIVERSAL_OPTIMALITY_AM2022,between,0.7201942724441152
PROOF_UNIVERSAL_OPTIMALITY_AM2022,documentation,0.7201942724441152
PROOF_UNIVERSAL_OPTIMALITY_AM2022,focus,0.7201942724441152
PROOF_UNIVERSAL_OPTIMALITY_AM2022,next,0.7201942724441152
PROOF_UNIVERSAL_OPTIMALITY_AM2022,efficiency,0.7201942724441152
PROOF_UNIVERSAL_OPTIMALITY_AM2022,start_time,0.7201942724441152
CATALOG_NIEMEIER_24,database,0.7201942724441152
CATALOG_NIEMEIER_24,name__,0.7201942724441152
CATALOG_NIEMEIER_24,act,0.7201942724441152
CATALOG_NIEMEIER_24,characteristics,0.7201942724441152
CATALOG_NIEMEIER_24,evidence_level,0.7201942724441152
CATALOG_NIEMEIER_24,perm,0.7201942724441152
CATALOG_NIEMEIER_24,potential,0.7201942724441152
CATALOG_NIEMEIER_24,hodge,0.7201942724441152
CATALOG_NIEMEIER_24,chamber,0.7201942724441152
CATALOG_NIEMEIER_24,me,0.7201942724441152
CATALOG_NIEMEIER_24,truth,0.7201942724441152
DEEPPHOLE_LEECH_23_ORBITS,add,0.7201942724441152
DEEPPHOLE_LEECH_23_ORBITS,methods,0.7201942724441152
DEEPPHOLE_LEECH_23_ORBITS,shell,0.7201942724441152
DEEPPHOLE_LEECH_23_ORBITS,abs,0.7201942724441152
DEEPPHOLE_LEECH_23_ORBITS,during,0.7201942724441152
DEEPPHOLE_LEECH_23_ORBITS,missing,0.7201942724441152
DEEPPHOLE_LEECH_23_ORBITS,systematic,0.7201942724441152
DEEPPHOLE_LEECH_23_ORBITS,reference_channels,0.7201942724441152
DEEPPHOLE_LEECH_23_ORBITS,scale,0.7201942724441152
DEEPPHOLE_LEECH_23_ORBITS,define,0.7201942724441152
DEEPPHOLE_LEECH_23_ORBITS,refine,0.7201942724441152
CODE_GOLAY_EXTENDED,database,0.7201942724441152
CODE_GOLAY_EXTENDED,name__,0.7201942724441152
CODE_GOLAY_EXTENDED,act,0.7201942724441152
CODE_GOLAY_EXTENDED,characteristics,0.7201942724441152
CODE_GOLAY_EXTENDED,evidence_level,0.7201942724441152
CODE_GOLAY_EXTENDED,perm,0.7201942724441152
CODE_GOLAY_EXTENDED,potential,0.7201942724441152
CODE_GOLAY_EXTENDED,hodge,0.7201942724441152
CODE_GOLAY_EXTENDED,chamber,0.7201942724441152
CODE_GOLAY_EXTENDED,me,0.7201942724441152
CODE_GOLAY_EXTENDED,truth,0.7201942724441152
CONSTRUCTION_A_TEMPLATE,logger,0.7201942724441152
CONSTRUCTION_A_TEMPLATE,hypothesis,0.7201942724441152
CONSTRUCTION_A_TEMPLATE,bonus,0.7201942724441152
CONSTRUCTION_A_TEMPLATE,preservation,0.7201942724441152
CONSTRUCTION_A_TEMPLATE,capacity,0.7201942724441152
CONSTRUCTION_A_TEMPLATE,solution,0.7201942724441152
CONSTRUCTION_A_TEMPLATE,real,0.7201942724441152
CONSTRUCTION_A_TEMPLATE,criteria,0.7201942724441152
CONSTRUCTION_A_TEMPLATE,yes,0.7201942724441152
CONSTRUCTION_A_TEMPLATE,hash,0.7201942724441152
CONSTRUCTION_A_TEMPLATE,execution,0.7201942724441152
TURYN_3xE8_TO_LEECH,self,0.7201942724441152
TURYN_3xE8_TO_LEECH,golden,0.7201942724441152
TURYN_3xE8_TO_LEECH,60,0.7201942724441152
TURYN_3xE8_TO_LEECH,bouncing,0.7201942724441152
TURYN_3xE8_TO_LEECH,objective,0.7201942724441152
TURYN_3xE8_TO_LEECH,tuple,0.7201942724441152
TURYN_3xE8_TO_LEECH,enhanced,0.7201942724441152
TURYN_3xE8_TO_LEECH,representation,0.7201942724441152
TURYN_3xE8_TO_LEECH,type,0.7201942724441152
TURYN_3xE8_TO_LEECH,scores,0.7201942724441152
TURYN_3xE8_TO_LEECH,existing,0.7201942724441152
E8_ROOT_SYSTEM_240,what,0.7201942724441152
E8_ROOT_SYSTEM_240,variety,0.7201942724441152
E8_ROOT_SYSTEM_240,conditions,0.7201942724441152
E8_ROOT_SYSTEM_240,representations,0.7201942724441152
E8_ROOT_SYSTEM_240,pytest,0.7201942724441152
E8_ROOT_SYSTEM_240,k-mer,0.7201942724441152
E8_ROOT_SYSTEM_240,segment,0.7201942724441152
E8_ROOT_SYSTEM_240,due,0.7201942724441152
E8_ROOT_SYSTEM_240,will,0.7201942724441152
E8_ROOT_SYSTEM_240,winners,0.7201942724441152
E8_ROOT_SYSTEM_240,item,0.7201942724441152
LEECH_MIN_SHELL_196560,score,0.7201942724441152
LEECH_MIN_SHELL_196560,used,0.7201942724441152
LEECH_MIN_SHELL_196560,after,0.7201942724441152
LEECH_MIN_SHELL_196560,given,0.7201942724441152
LEECH_MIN_SHELL_196560,lambda,0.7201942724441152
LEECH_MIN_SHELL_196560,these,0.7201942724441152
LEECH_MIN_SHELL_196560,an,0.7201942724441152
LEECH_MIN_SHELL_196560,action,0.7201942724441152
LEECH_MIN_SHELL_196560,missing,0.7201942724441152
LEECH_MIN_SHELL_196560,systematic,0.7201942724441152
LEECH_MIN_SHELL_196560,reference_channels,0.7201942724441152
E8_THETA_WEIGHT4,complete,0.7201942724441152
E8_THETA_WEIGHT4,graph,0.7201942724441152
E8_THETA_WEIGHT4,atom,0.7201942724441152
E8_THETA_WEIGHT4,exploration,0.7201942724441152
E8_THETA_WEIGHT4,forward,0.7201942724441152
E8_THETA_WEIGHT4,theory,0.7201942724441152
E8_THETA_WEIGHT4,laminate,0.7201942724441152
E8_THETA_WEIGHT4,final,0.7201942724441152
E8_THETA_WEIGHT4,status,0.7201942724441152
E8_THETA_WEIGHT4,de,0.7201942724441152
E8_THETA_WEIGHT4,metrics,0.7201942724441152
LEECH_NO_ROOTS_MIN4,are,0.7201942724441152
LEECH_NO_ROOTS_MIN4,get,0.7201942724441152
LEECH_NO_ROOTS_MIN4,critical,0.7201942724441152
LEECH_NO_ROOTS_MIN4,found,0.7201942724441152
LEECH_NO_ROOTS_MIN4,11,0.7201942724441152
LEECH_NO_ROOTS_MIN4,testing,0.7201942724441152
LEECH_NO_ROOTS_MIN4,key,0.7201942724441152
LEECH_NO_ROOTS_MIN4,log,0.7201942724441152
LEECH_NO_ROOTS_MIN4,chatgpt,0.7201942724441152
LEECH_NO_ROOTS_MIN4,mass,0.7201942724441152
LEECH_NO_ROOTS_MIN4,component,0.7201942724441152
CONWAY_GROUPS_AUT_LEECH,function,0.7201942724441152
CONWAY_GROUPS_AUT_LEECH,map,0.7201942724441152
CONWAY_GROUPS_AUT_LEECH,3f,0.7201942724441152
CONWAY_GROUPS_AUT_LEECH,yang-mills,0.7201942724441152
CONWAY_GROUPS_AUT_LEECH,becomes,0.7201942724441152
CONWAY_GROUPS_AUT_LEECH,specific,0.7201942724441152
CONWAY_GROUPS_AUT_LEECH,weights,0.7201942724441152
CONWAY_GROUPS_AUT_LEECH,analyze,0.7201942724441152
CONWAY_GROUPS_AUT_LEECH,roots,0.7201942724441152
CONWAY_GROUPS_AUT_LEECH,them,0.7201942724441152
CONWAY_GROUPS_AUT_LEECH,priority,0.7201942724441152
LAMINATED_LATTICES_SEQ,these,0.7201942724441152
LAMINATED_LATTICES_SEQ,an,0.7201942724441152
LAMINATED_LATTICES_SEQ,action,0.7201942724441152
LAMINATED_LATTICES_SEQ,size,0.7201942724441152
LAMINATED_LATTICES_SEQ,ax1,0.7201942724441152
LAMINATED_LATTICES_SEQ,state,0.7201942724441152
LAMINATED_LATTICES_SEQ,full,0.7201942724441152
LAMINATED_LATTICES_SEQ,value,0.7201942724441152
LAMINATED_LATTICES_SEQ,score,0.7201942724441152
LAMINATED_LATTICES_SEQ,used,0.7201942724441152
LAMINATED_LATTICES_SEQ,after,0.7201942724441152
II_25_1_LORENTZ_CUT,could,0.7201942724441152
II_25_1_LORENTZ_CUT,functions,0.7201942724441152
II_25_1_LORENTZ_CUT,channels,0.7201942724441152
II_25_1_LORENTZ_CUT,storage,0.7201942724441152
II_25_1_LORENTZ_CUT,empty,0.7201942724441152
II_25_1_LORENTZ_CUT,traversal,0.7201942724441152
II_25_1_LORENTZ_CUT,20,0.7201942724441152
II_25_1_LORENTZ_CUT,math,0.7201942724441152
II_25_1_LORENTZ_CUT,across,0.7201942724441152
II_25_1_LORENTZ_CUT,is_valid_permutation,0.7201942724441152
II_25_1_LORENTZ_CUT,interaction,0.7201942724441152
WAVELET_FOURIER_SLICE,by,0.7201942724441152
WAVELET_FOURIER_SLICE,method,0.7201942724441152
WAVELET_FOURIER_SLICE,high,0.7201942724441152
WAVELET_FOURIER_SLICE,law,0.7201942724441152
WAVELET_FOURIER_SLICE,25,0.7201942724441152
WAVELET_FOURIER_SLICE,performance,0.7201942724441152
WAVELET_FOURIER_SLICE,copy,0.7201942724441152
WAVELET_FOURIER_SLICE,baseline,0.7201942724441152
WAVELET_FOURIER_SLICE,do,0.7201942724441152
WAVELET_FOURIER_SLICE,insights,0.7201942724441152
WAVELET_FOURIER_SLICE,why,0.7201942724441152
HODGE_SPLIT_GRAPH,tests,0.7201942724441152
HODGE_SPLIT_GRAPH,most,0.7201942724441152
HODGE_SPLIT_GRAPH,dtt,0.7201942724441152
HODGE_SPLIT_GRAPH,initialize,0.7201942724441152
HODGE_SPLIT_GRAPH,applications,0.7201942724441152
HODGE_SPLIT_GRAPH,result,0.7201942724441152
HODGE_SPLIT_GRAPH,has,0.7201942724441152
HODGE_SPLIT_GRAPH,parity,0.7201942724441152
HODGE_SPLIT_GRAPH,recursive,0.7201942724441152
HODGE_SPLIT_GRAPH,also,0.7201942724441152
HODGE_SPLIT_GRAPH,form,0.7201942724441152
SPECTRAL_GAP_RAYLEIGH,run,0.7201942724441152
SPECTRAL_GAP_RAYLEIGH,domain_context,0.7201942724441152
SPECTRAL_GAP_RAYLEIGH,base,0.7201942724441152
SPECTRAL_GAP_RAYLEIGH,rules,0.7201942724441152
SPECTRAL_GAP_RAYLEIGH,strong,0.7201942724441152
SPECTRAL_GAP_RAYLEIGH,min,0.7201942724441152
SPECTRAL_GAP_RAYLEIGH,show,0.7201942724441152
SPECTRAL_GAP_RAYLEIGH,include,0.7201942724441152
SPECTRAL_GAP_RAYLEIGH,context,0.7201942724441152
SPECTRAL_GAP_RAYLEIGH,environment,0.7201942724441152
SPECTRAL_GAP_RAYLEIGH,control,0.7201942724441152
KOL_MDL_DELTA,status,0.7201942724441152
KOL_MDL_DELTA,de,0.7201942724441152
KOL_MDL_DELTA,metrics,0.7201942724441152
KOL_MDL_DELTA,progress,0.7201942724441152
KOL_MDL_DELTA,default,0.7201942724441152
KOL_MDL_DELTA,complete,0.7201942724441152
KOL_MDL_DELTA,graph,0.7201942724441152
KOL_MDL_DELTA,atom,0.7201942724441152
KOL_MDL_DELTA,would,0.7201942724441152
KOL_MDL_DELTA,permutations,0.7201942724441152
KOL_MDL_DELTA,further,0.7201942724441152
UQ_CONFORMAL_90COVERAGE,len,0.7201942724441152
UQ_CONFORMAL_90COVERAGE,when,0.7201942724441152
UQ_CONFORMAL_90COVERAGE,color,0.7201942724441152
UQ_CONFORMAL_90COVERAGE,implement,0.7201942724441152
UQ_CONFORMAL_90COVERAGE,4f,0.7201942724441152
UQ_CONFORMAL_90COVERAGE,vs,0.7201942724441152
UQ_CONFORMAL_90COVERAGE,sqrt,0.7201942724441152
UQ_CONFORMAL_90COVERAGE,until,0.7201942724441152
UQ_CONFORMAL_90COVERAGE,or,0.7201942724441152
UQ_CONFORMAL_90COVERAGE,quantum,0.7201942724441152
UQ_CONFORMAL_90COVERAGE,additional,0.7201942724441152
SMT_GODEL_GATES,vs,0.7201942724441152
SMT_GODEL_GATES,sqrt,0.7201942724441152
SMT_GODEL_GATES,until,0.7201942724441152
SMT_GODEL_GATES,validator,0.7201942724441152
SMT_GODEL_GATES,year,0.7201942724441152
SMT_GODEL_GATES,py,0.7201942724441152
SMT_GODEL_GATES,discovery,0.7201942724441152
SMT_GODEL_GATES,linalg,0.7201942724441152
SMT_GODEL_GATES,len,0.7201942724441152
SMT_GODEL_GATES,when,0.7201942724441152
SMT_GODEL_GATES,color,0.7201942724441152
GROTH_SHEAF_GLUE,ratio,0.7201942724441152
GROTH_SHEAF_GLUE,limbo_list,0.7201942724441152
GROTH_SHEAF_GLUE,three,0.7201942724441152
GROTH_SHEAF_GLUE,moderate,0.7201942724441152
GROTH_SHEAF_GLUE,exploring,0.7201942724441152
GROTH_SHEAF_GLUE,for,0.7201942724441152
GROTH_SHEAF_GLUE,vector,0.7201942724441152
GROTH_SHEAF_GLUE,was,0.7201942724441152
GROTH_SHEAF_GLUE,said,0.7201942724441152
GROTH_SHEAF_GLUE,separation,0.7201942724441152
GROTH_SHEAF_GLUE,creative,0.7201942724441152
NOETHER_CONSERVATION,theory,0.7201942724441152
NOETHER_CONSERVATION,laminate,0.7201942724441152
NOETHER_CONSERVATION,final,0.7201942724441152
NOETHER_CONSERVATION,needed,0.7201942724441152
NOETHER_CONSERVATION,knowledge,0.7201942724441152
NOETHER_CONSERVATION,validation,0.7201942724441152
NOETHER_CONSERVATION,framework,0.7201942724441152
NOETHER_CONSERVATION,entire,0.7201942724441152
NOETHER_CONSERVATION,complete,0.7201942724441152
NOETHER_CONSERVATION,graph,0.7201942724441152
NOETHER_CONSERVATION,atom,0.7201942724441152
PARITY_64BIT_LANES,not,0.7201942724441152
PARITY_64BIT_LANES,no,0.7201942724441152
PARITY_64BIT_LANES,universal,0.7201942724441152
PARITY_64BIT_LANES,about,0.7201942724441152
PARITY_64BIT_LANES,complex,0.7201942724441152
PARITY_64BIT_LANES,dict,0.7201942724441152
PARITY_64BIT_LANES,turn,0.7201942724441152
PARITY_64BIT_LANES,basic,0.7201942724441152
PARITY_64BIT_LANES,traversal,0.7201942724441152
PARITY_64BIT_LANES,20,0.7201942724441152
PARITY_64BIT_LANES,math,0.7201942724441152
