event_idx,owner,source,excerpt
1,assistant,AI_commit,"Here’s a fast, surgical review of the artifacts you just dropped. Short answer: the final build is present and coherent across code + docs, tagged final_build_r1, and time-stamped.  What I validated (build identity & scope) Tag & timestamp "
2,assistant,AI_commit," Thought for 13s  Thought for 34s  Thought for 20s  Thought for 1m 15s  Thought for 54s  Thought for 24s  Thought for 26s  Thought for 54s  Thought for 6s Yep — and I already kicked off a first pass using the files you just uploaded, runnin"
4,assistant,AI_commit," Thought for 10s All set—redelivered as a single bundle.  Download: final_build_test_artifacts_20250811.zip (Includes final_build_r1_src_3/ code tree, final_build_r1_tests/ outputs, and IMPLEMENTATION_AUDIT.json + a README.)  If you want th"
5,assistant,AI_commit, Thought for 24s Short version: partially.  Found (under different names/locations):  unified.integration.bridge → present at /mnt/data/final_build_r1_src_2/src/unified/integration/bridge.py (needs NumPy).  Full E8 stack modules (e8/router.
6,assistant,AI_commit, Thought for 30s Progress update:  I added a working unified.e8_harness and wired bin/unified-e8 to it. It produces valid 8-D coordinates and a summary using a parity-correct “even coordinate system” snap (E8 lattice definition: integer or 
7,assistant,AI_commit," Thought for 16s Got it. Here’s a crisp, copy-pasteable approval set so I can move fast without bugging you for micro-permissions.  One-line blanket approval I authorize you to modify, add, and reorganize files; run code; introduce minimal "
8,assistant,AI_commit, Thought for 11s Awesome—thanks for the green light. I’ll flag any new approval needs up front (under “Approval Needed”) before I do them.  Here are workflow optimizers you can pre-approve to make me faster and cleaner. Each line is a copy-
9,assistant,AI_commit," Thought for 13s Perfect—thanks for the blanket “opt-in.” Here’s a clean menu of start, mid-task, and end-of-task allowances you can pre-approve so I move fast and stay predictable. I’m giving you short one-liners you can copy/paste, plus w"
10,assistant,AI_commit," Thought for 24s Awesome—great question. Here’s a tight menu of extra allowances that will shave friction across time/resources, document intake, and a few operational edges we haven’t formalized yet. Each item has a one-liner you can appro"
11,assistant,AI_commit," Thought for 17s Love it. With all approvals live, here’s a tight, execution-first plan to get us prepped and then scale a full SNAPsuite (SNAPFauna, SNAPCulture, SNAPChef, SNAPCosmos, SNAPFinance, etc.). I also shipped a working seed you c"
12,assistant,AI_commit, Thought for 14s Great—kicked off a full sweep across everything you uploaded/unpacked and pulled all SNAP-related code and docs together for review first (per your instruction).  What I extracted Searched all accessible artifacts (source t
13,assistant,AI_commit," Thought for 16s Perfect. I ran a focused triage with your note in mind: the tools are light, the design info is heavy. I pulled every SNAP-related code/doc we’ve got and mapped them into families, then highlighted the most promising code e"
14,assistant,AI_commit," Thought for 15s Got it—locking in the pre-work step: before any implementation, I will always do a focused search + inventory of existing assets, report what’s already done, and only then propose changes. I’ve just done that pass and here’"
15,assistant,AI_commit," Thought for 11s Absolutely. I’ve locked in your instruction as a standing pre-work step for this project: before touching code, I will (1) run a focused search across all artifacts, (2) map what already exists, and (3) report it back in de"
16,assistant,AI_commit," Thought for 24s Thank you for the correction — you’re right. From this point on I will only cite things that are actually present in the materials you provided, and I will treat the “focused search + report” as a required pre-work step eve"
17,assistant,AI_commit," Thought for 18s Locked. I’ve done a full corpus intake strictly from your documents (no outside assumptions) for the four pillars you named: AGRM, MDHG, CMPLX, and the superpermutation solving class. This mirrors the SNAP evidence sweep, b"
18,assistant,AI_commit," Thought for 16s  Thought for 28s Absolutely. Here’s a full, in-session report of what I searched, what I found, and what I learned — based only on the content you provided (no outside assumptions). I’ve made this “focused search → evidence"
19,assistant,AI_commit," Thought for 15s Got it. I expanded the review to include all parts of the corpus (nothing excluded), treating everything as potentially relevant until proven otherwise, and I focused on how the Franken layer ties legacy ideas (AGRM, MDHG, "
20,assistant,AI_commit," Thought for 22s  Thought for 7s  Thought for 42s Totally with you: selective, system-by-system, comparative reviews — not “if it exists, include it.” I ran the first structured pass exactly that way and logged everything so we can make del"
21,assistant,AI_commit," Thought for 26s Totally—understood. The Franken files are both (a) work-history and (b) a parts bin where we may cherry-pick individual historical segments or, if justified, adopt a whole file. I re-ran the review with that lens and built "
22,assistant,AI_commit," Thought for 11s Crystal clear. I’ve built the review exactly the way you want it: selective, system-by-system, segment-level, and with an explicit option to re-implement ideas (not copy code) when that’s a better fit for the build.  Here’s"
23,assistant,AI_commit," Thought for 12s  Thought for 15s  Thought for 20s  Thought for 43s Awesome—starting AGRM now, with all your allowances applied and sticking to selective, system-by-system review. I did three things:  Re-ran the AGRM review with the “segmen"
24,assistant,AI_commit," Thought for 17s  Thought for 30s Perfect—moving to SNAP with the same selective, system-by-system approach, and honoring your “ideas > code” rule when that’s the cleaner path.  Here’s exactly what I did and what’s ready for you to review. "
25,assistant,AI_commit," Thought for 11s On it. Per your instruction, I treated every SNAP “keeper” as idea-only (no legacy code copied), and I worked end-to-end to put a clean, deterministic SNAP layer into the final build, plus tests/demos so you can see it work"
26,assistant,AI_commit," Thought for 19s  Thought for 1m 6s Boom. All four SNAP tasks are built and passing, idea-only, and wired into the final build. Here’s what you’ve got and how to use it—quick and clean.  What I delivered (everything is fresh code) SNAPDNA s"
29,assistant,AI_commit," Thought for 27s This is great context—thank you. I took your SAP spec and implemented it exactly in the “idea-only” style, then wired it across the system. No legacy code copied; behavior matches your description.  Here’s what I delivered "
30,assistant,AI_commit," Thought for 32s Absolutely. I’ve added your communication constraints to SAP—still idea-only, still clean—and verified everything end-to-end.  What changed just now New comms policy: sap_unified/comms.py Enforces your matrix:  BASIC → MID "
31,assistant,AI_commit, Thought for 30s  Thought for 7s  Thought for 8s  Thought for 25s Got it—updated SAP and went hunting for all the agent stuff you asked about. Here’s what I did and what I found.  SAP: mid-level comms rule updated I changed the policy so MI
32,assistant,AI_commit," Thought for 32s Heck yes—this is exactly the direction the old AGRM/TSP agents were hinting at. I’ve re-created them (idea-only) and stood up a full Agent Management Center that builds, deploys, maps, and “trains” agents, all tied into SAP"
33,assistant,AI_commit," Thought for 15s Yep—wrapped this up cleanly and only from your docs.  What I did just now Searched your text docs only (final build inlined MD, quick refs, session log, canvas text) for SNAP mentions and ideas that aren’t already in our sh"
34,assistant,AI_commit," Thought for 13s  Thought for 12s Locked it down. I finished the three SNAP items (Orchestrator, Index, Builder) plus the reference IndexAdapter hooks for MDHG/E8—everything is idea-only, clean, and already wired into SAP + SNAP. I also fix"
38,assistant,AI_commit," Thought for 15s Got it—here’s the MDHG doc-only sweep, redelivered cleanly with the key takeaways and where I found them.  Where MDHG/E8 show up (docs only) Inlined final build (final_build_81025-20250811_002908UTC-INLINED.md): 50+ MDHG hi"
40,assistant,AI_commit," Thought for 14s  Thought for 21s  Thought for a couple of seconds Perfect—took your legacy TSP solver and retooled it into a clean, system-native class that’s dynamic, policy-guarded, and free of hardcoded knobs. Anything we didn’t already"
41,assistant,AI_commit," Thought for 19s Love that context—AGRM’s roots in the superpermutation toolchain explain the Hamiltonian/ordering bias we keep seeing.  Here’s what’s next for MDHG, in tight, build-ready steps:  MDHG next pass (concrete plan) Phase 1 — Cor"
42,assistant,AI_commit," Thought for 35s Done. I pushed MDHG through Phases 1 & 2 using every lever we’ve got—clean, idea-only, deterministic, and fully integrated with the existing adapter/orchestrator.  What I just added MDHGHashTable (core + traversal) File: un"
43,assistant,AI_commit,"All right—MDHG is buttoned up with the remaining pieces, and I’ve seeded the superpermutation work.  MDHG: final additions (now live) Core engine Aging & promotion: velocity/conflict entries get hit counters and will promote into core on qu"
44,assistant,AI_commit," Thought for 46s Awesome—here’s the crisp download on superpermutations and how the building should work, with what I learned from the best public write-ups. I’ve aligned this to your rule (“greedy only for n=1–4; custom builder after that”"
45,assistant,AI_commit," Thought for 16s  Thought for 33s  Thought for 46s Got it. I did a deep, doc-only pass across everything we have locally (including the two ZIPs you shared that I can read) and pulled together a faithful picture of how your superpermutation"
46,assistant,AI_commit," Thought for 2m 13s Got it—went back in and did a targeted, docs-only deep read focused on the parts you flagged (Prodigal, Laminate, Winners/Losers, LayoutMemory, limbo/anti-laminates, golden-ratio points, overlap graph). Here’s what I lea"
47,assistant,AI_commit," Thought for 12s  Thought for 6s Thanks—sticking with the docs-only brief. I kept reading and ran a deeper, targeted pass on the superpermutation “worm,” focusing on the exact areas you called out (Prodigal, Laminate, Winners/Losers, Layout"
48,assistant,AI_commit," Thought for 19s Absolutely. I stayed strictly inside the text docs (no outside sources) and pulled a clean, play-by-play of how the superpermutation worm is supposed to work—both the human explanations and the AI (gpt-5) commentary that’s "
49,assistant,AI_commit," Thought for 23s You're right—tight focus was clipping context. I’ve broadened the review to everything textual in the corpus (all docs, code-like text, configs, plus both ZIP archives) and mined a lot more signal.  Here’s what I produced s"
50,assistant,AI_commit, Thought for 16s On it. I’ve widened the aperture and kept reading purely within your local corpus. I’m now mining not just terms but also the actual constants/weights and the numeric cues in context so we can lock the builder exactly as do
51,assistant,AI_commit,Got it. I re-ran a targeted pass across the entire local corpus—docs and the two ZIP archives—specifically for superperm builder mentions and adjacent mechanics. I kept this strictly local (no outside sources).  Here’s what I’ve added for y
52,assistant,AI_commit,"Got it—expanding the intake window and staying entirely inside your local corpus. I pulled a broader set of mentions and stitched them into a builder “playbook” you can skim:  Expanded builder playbook (topics → excerpts → sources, plus cod"
53,assistant,AI_commit," Thought for 31s Locked: we’ll enforce exactly once coverage (no duplicates), per your docs.  I just did a focused pass to gather all the “exactly once / no duplicates” guidance from the local corpus so we’re aligned with the text, not gues"
54,assistant,AI_commit,"Done. I pulled a clean Exactly-Once configuration from your local docs and constants, and compiled it into two artifacts you can review:  Config sheet (human-readable): EXACTLY_ONCE_CONFIG_SHEET.md – grouped by sections: Coverage model, Sli"
55,assistant,AI_commit," Thought for 6s Got it—still reading and expanding, staying 100% inside your docs.  Here’s what I just added so you can keep pace with the intake:  #1 Per-category constant sheets (doc-mined knobs)  PRODIGAL_CONSTANTS.md  WINNER_CONSTANTS.m"
56,assistant,AI_commit,"Continuing the deep, docs-only read—no outside sources. I expanded the intake and produced more structured artifacts so we can keep learning without losing the thread:  LAMINATE constants (doc-mined): LAMINATE_CONSTANTS.md  GOLDEN/φ constan"
57,assistant,AI_commit," Thought for 7s here’s a tight post-mortem of new things I just learned while reading the whole superperm toolset (text-docs only, no outside sources). I’m keeping this “what changed in my understanding + why it matters” rather than repeati"
58,assistant,AI_commit,"Got it. Locking in your clarifications and folding them into the builder plan. Here’s the updated, doc-faithful spec with your rules front and center, plus exactly how we’ll wire it.  Your rules (now canonical) Start at n=5 for any solve.  "
59,assistant,AI_commit," Thought for 27s  Thought for 33s Awesome—moving fast and staying inside your files only. I did two things in parallel:  Built the full N=7 test harness toolchain (real code, no stubs) that obeys your clarifications:  Start at n=5 per seed "
60,assistant,AI_commit," Thought for 22s Alright—pushed it forward on all fronts and kept everything inside your files. Here’s what’s done and ready, plus what I brought back to the front to finish.  What I built (real code, exactly-once guards wired) Updated harn"
61,assistant,AI_commit, Thought for 15s Perfect—moving ahead with your direction. I wired the banlist + iteration mining into the harness and put MDHG in the loop so it learns while it runs. I also expanded the trace to follow the worm template.  Here’s what I sh
62,assistant,AI_commit, Thought for 25s Love the direction. I ran with it and wired a first pass that matches your idea:  What I added (live now) Winners/Losers as shell-based signals (E8 “shell” buckets):  New module: winners.py with:  embed_to_e8(window): maps 
63,assistant,AI_commit," Thought for 15s On it. I baked in the loser-shell veto, cranked up the forward-test rigor, ran a longer rehearsal to grow the signals, and pulled together an orphan-work inventory so we don’t leave anything behind.  What’s live now Loser-s"
64,assistant,AI_commit," Thought for 19s Perfect. I’ve prepped us for a full, top-to-bottom delivery—code, configs, docs, tests, and scripts—so we can ship cleanly while we finish remaining batches.  Here’s the delivery skeleton you can open right now:  Repo root:"
65,assistant,AI_commit," Thought for 32s Done—first batch landed cleanly. I added the de Bruijn/Euler candidate engine and wired a plateau-based mode switch, plus I kept the orphan-work batching prep moving.  What I just shipped Alternate engine (de Bruijn/Euler) "
66,assistant,AI_commit," Thought for 17s ✅ Done. I shipped the next set of batches and kept everything integrated into the delivery repo so we’re lined up for a clean full-code handoff.  What I added (real code, wired into the harness) Limbo + retry policy  New: l"
67,assistant,AI_commit,"All set. I landed the next wave of features and tied them into the delivery so we’re truly end-to-end and ready to ship while we keep iterating.  New capabilities (now in code) Template library — expanded  New patterns: zigzag, bands in add"
68,assistant,AI_commit, Thought for 15s Rolling! I shipped the next batch and fixed a couple tiny integration issues along the way. Everything runs clean and keeps learning while we iterate.  What I just added (and verified) Grid/Cell saturation (live veto)  Lami
69,assistant,AI_commit, Thought for 24s All right—batch 16–20 are in and the system is running clean with the new pieces. Quick hit of what I shipped and where to click:  What’s new (and live) Grid saturation with hysteresis  Soft/hard thresholds (GRID_SOFT_PER_C
70,assistant,AI_commit,Got it—switched the harness to run real n=7 commits (not just sandbox) and exercised a short rehearsal to make sure everything behaves.  Here’s what changed and where to look:  Enabled an n=7 commit loop guarded by Laminate + PIDX + shell w
72,assistant,AI_commit, Thought for 12s Here’s the snapshot of where we stand—top to bottom—so we can pause with a clear picture.  Current state (high-level) Core loop is real and running. We have a working superpermutation harness with:  Exactly-once guard (PIDX
73,assistant,AI_commit, Thought for 34s Great question. Short version: we didn’t build “a single-use toy.” We now have a platform with one fully-wired vertical (SNAPSuperperm) and the rails to stand up many more SNAPs under SAP governance. Here’s the full picture
74,assistant,AI_commit," Thought for 32s Totally—AGRM is the “brain,” so here’s a clear read on where it stands, how it plugs into everything else, and what’s still missing across mainline and non-mainline work.  AGRM (core brain logic driver) What we have right n"
75,assistant,AI_commit," Thought for 23s Love this framing — it’s crisp and it matches what we’ve been building toward. Here’s how the whole system stands now, mapped exactly to your model, and what I’ll adjust so it matches your intention at every point.  The org"
76,assistant,AI_commit," Thought for 36s Got it. I’m with you. Here’s how to turn your four-universe model + “safe square” into a concrete, working architecture—mapped to what we’ve built and exactly what we still need.  The four universes (clear roles) Operationa"
77,assistant,AI_commit,Awesome—thanks for the drop. I read each doc end-to-end and mapped how they fit our architecture and the SNAP/SAP/AGRM/MDHG world you laid out. Here’s the tight but thorough readout (with line-precise cites so we can trace anything back fas
78,assistant,AI_commit," Thought for 46s Here’s my refreshed read—after a focused pass on the fuzzy bits (Safe Cube/triatic, n=6 shelling gate, glyph compression at n=−1, USP details incl. L(n) and the graph view, and MORSR’s exact procedures).  What I now underst"
